{
  "plan_cumulative": 12872796.048127547,
  "postbuy_cumulative": {
    "total_marketing_investment": 10347065.919999843
  }
}